{
  "mean": [
    1.1952718523389194e-05,
    -0.000324249267578125,
    0.00013016595039516687,
    0.00010477702016942203,
    -7.540384831372648e-05,
    -1.0789764928631485e-05,
    -4.561742116493406e-06,
    2.681944170035422e-05,
    1.2726253771688789e-05,
    3.7998623156454414e-05,
    3.1534829759038985e-05,
    3.420511711738072e-05,
    -6.808174930483801e-07,
    4.824002644454595e-06,
    3.019968744411017e-06,
    1.3838874110660981e-05
  ],
  "std": [
    43.38203048706055,
    21.12825584411621,
    14.708349227905273,
    12.823582649230957,
    9.975919723510742,
    9.553342819213867,
    8.518078804016113,
    7.308782577514648,
    7.252943515777588,
    6.172327518463135,
    6.004021644592285,
    5.350768089294434,
    4.845519065856934,
    4.60973596572876,
    4.256411552429199,
    3.7771663665771484
  ],
  "min": [
    -114.88155364990234,
    -68.92570495605469,
    -32.86513900756836,
    -36.704593658447266,
    -21.2618350982666,
    -26.694133758544922,
    -23.636043548583984,
    -25.92939567565918,
    -23.354740142822266,
    -21.843502044677734,
    -19.35269546508789,
    -13.89242172241211,
    -14.345826148986816,
    -9.416982650756836,
    -14.183290481567383,
    -13.251811981201172
  ],
  "max": [
    81.8651123046875,
    50.06504821777344,
    32.53602600097656,
    41.67158889770508,
    28.01312255859375,
    18.419906616210938,
    24.647289276123047,
    19.201982498168945,
    19.747821807861328,
    13.888694763183594,
    19.49053955078125,
    14.502950668334961,
    29.34869956970215,
    17.066213607788086,
    11.95608139038086,
    13.400260925292969
  ]
}